actor_label,get_name
WorldDataLayers-1,WorldDataLayers
DirectionalLight,DirectionalLight_1
Sportscar_2_VEHTAG2,StaticMeshActor_UAID_E08F4CF5208AA17502_2102634488
LandscapeStreamingProxy_13_0_0,LandscapeStreamingProxy_9WRX77ZHBNN64U7IVGH2O6PBO_126_13_0_0
LandscapeStreamingProxy_4_5_0,LandscapeStreamingProxy_9WRX77ZHBNN64U7IVGH2O6PBO_126_4_5_0
BP_VehicleAI_SUV2_6,BP_VehicleAI_SUV2_C_UAID_E08F4CF5208A8E7A02_1425269325
LandscapeStreamingProxy_2_2_0,LandscapeStreamingProxy_9WRX77ZHBNN64U7IVGH2O6PBO_126_2_2_0
Crosswalk29,StaticMeshActor_UAID_E08F4CF5208A9D7502_1362847747
SM_White_Line_00_inst_3,StaticMeshActor_UAID_E08F4CF5208A9C7502_1338685517
Sportscar_1,StaticMeshActor_UAID_E08F4CF5208AA07502_1083985350
LandscapeStreamingProxy_3_2_0,LandscapeStreamingProxy_9WRX77ZHBNN64U7IVGH2O6PBO_126_3_2_0
Garbagetruck_6_VEHTAG1,StaticMeshActor_UAID_E08F4CF5208AA17502_1811438432
LandscapeStreamingProxy_10_3_0,LandscapeStreamingProxy_9WRX77ZHBNN64U7IVGH2O6PBO_126_10_3_0
LandscapeStreamingProxy_14_8_0,LandscapeStreamingProxy_9WRX77ZHBNN64U7IVGH2O6PBO_126_14_8_0
LandscapeStreamingProxy_3_0_0,LandscapeStreamingProxy_9WRX77ZHBNN64U7IVGH2O6PBO_126_3_0_0
LandscapeStreamingProxy_11_13_0,LandscapeStreamingProxy_9WRX77ZHBNN64U7IVGH2O6PBO_126_11_13_0
Pickuptruck_1_VEHTAG2,StaticMeshActor_UAID_E08F4CF5208AA17502_2102553461
BP_VehicleAI_pickup_6_1,BP_VehicleAI_pickup_C_UAID_E08F4CF5208A907A02_1587226677
SUV2_1_VEHTAG3,StaticMeshActor_UAID_E08F4CF5208ABE7502_1435520497
BP_VehicleAI_SUV1_2_1,BP_VehicleAI_SUV1_C_UAID_E08F4CF5208A907A02_1587294683
Milkvan_2_VEHTAG1,StaticMeshActor_UAID_E08F4CF5208AA17502_1811469443
Milkvan_4,StaticMeshActor_UAID_E08F4CF5208AA07502_1084004357
Van1_1,StaticMeshActor_UAID_E08F4CF5208AA07502_1083887317
SUV1_4_VEHTAG2,StaticMeshActor_UAID_E08F4CF5208AA17502_2102696509
BP_VehicleAI_taxi_2_1,BP_VehicleAI_taxi_C_UAID_E08F4CF5208A8E7A02_1425557351
LandscapeStreamingProxy_7_0_0,LandscapeStreamingProxy_9WRX77ZHBNN64U7IVGH2O6PBO_126_7_0_0
Garbagetruck_1_VEHTAG3,StaticMeshActor_UAID_E08F4CF5208ABE7502_1435509493
Bus_1_VEHTAG3,StaticMeshActor_UAID_E08F4CF5208ABE7502_1435498489
Crosswalk32,StaticMeshActor_UAID_E08F4CF5208A9D7502_1405820752
Crosswalk24,StaticMeshActor_UAID_E08F4CF5208A9D7502_1245774739
BP_VehicleAI_SUV1_1,BP_VehicleAI_SUV1_C_UAID_E08F4CF5208A8C7A02_1212324119
LandscapeStreamingProxy_0_8_0,LandscapeStreamingProxy_9WRX77ZHBNN64U7IVGH2O6PBO_126_0_8_0
LandscapeStreamingProxy_11_1_0,LandscapeStreamingProxy_9WRX77ZHBNN64U7IVGH2O6PBO_126_11_1_0
BP_VehicleAI.BP_VehicleAI_9,BP_VehicleAI_C_UAID_E08F4CF5208A897A02_1815901489
LandscapeStreamingProxy_7_15_0,LandscapeStreamingProxy_9WRX77ZHBNN64U7IVGH2O6PBO_126_7_15_0
BP_SplineHuman_Type14,BP_SplineHuman_Type14_C_UAID_E08F4CF5208A407A02_1421465596
Crosswalk22,StaticMeshActor_UAID_E08F4CF5208A9D7502_1204282736
LandscapeStreamingProxy_12_0_0,LandscapeStreamingProxy_9WRX77ZHBNN64U7IVGH2O6PBO_126_12_0_0
SkyAtmosphere,SkyAtmosphere_1
SUV1_2,StaticMeshActor_UAID_E08F4CF5208AA07502_1083952338
Crosswalk9,StaticMeshActor_UAID_E08F4CF5208A9C7502_1921825538
BP_SplineHuman_Type11,BP_SplineHuman_Type11_C_UAID_E08F4CF5208A487A02_1157467017
BP_VehicleAI_taxi_1_1,BP_VehicleAI_taxi_C_UAID_E08F4CF5208A907A02_1634098752
LandscapeStreamingProxy_1_0_0,LandscapeStreamingProxy_9WRX77ZHBNN64U7IVGH2O6PBO_126_1_0_0
Lamps3x10,StaticMeshActor_UAID_E08F4CF5208AC07502_2046831868
SFB_capital,StaticMeshActor_UAID_E08F4CF5208A0E7402_1499248461
BP_VehicleAI_SUV2_8_1,BP_VehicleAI_SUV2_C_UAID_E08F4CF5208A907A02_1587370689
LandscapeStreamingProxy_11_12_0,LandscapeStreamingProxy_9WRX77ZHBNN64U7IVGH2O6PBO_126_11_12_0
CHD_1,StaticMeshActor_UAID_D843AED10BEFF47302_1872437889
BP_VehicleAI_policecar_3_4,BP_VehicleAI_policecar_C_UAID_E08F4CF5208A907A02_1633890734
LandscapeStreamingProxy_9_6_0,LandscapeStreamingProxy_9WRX77ZHBNN64U7IVGH2O6PBO_126_9_6_0
Milkvan_3_VEHTAG1,StaticMeshActor_UAID_E08F4CF5208AA17502_1811486449
SFA_1,StaticMeshActor_UAID_E08F4CF5208A0E7402_1727395465
LandscapeStreamingProxy_7_3_0,LandscapeStreamingProxy_9WRX77ZHBNN64U7IVGH2O6PBO_126_7_3_0
SUV1_1,StaticMeshActor_UAID_E08F4CF5208AA07502_1083908322
LandscapeStreamingProxy_12_2_0,LandscapeStreamingProxy_9WRX77ZHBNN64U7IVGH2O6PBO_126_12_2_0
LandscapeStreamingProxy_2_0_0,LandscapeStreamingProxy_9WRX77ZHBNN64U7IVGH2O6PBO_126_2_0_0
Lamps3x9,StaticMeshActor_UAID_E08F4CF5208AC07502_2034610867
Milkvan_4_VEHTAG2,StaticMeshActor_UAID_E08F4CF5208AA17502_2102675502
BP_VehicleAI_sportscar2,BP_VehicleAI_sportscar_C_UAID_E08F4CF5208A707602_1743956818
CHH_1,StaticMeshActor_UAID_E08F4CF5208A317402_1875066619
BP_VehicleAI_sedan2_3,BP_VehicleAI_sedan2_C_UAID_E08F4CF5208A8C7A02_1212111101
SM_StreetLamp_B4,StaticMeshActor_UAID_E08F4CF5208AC07502_1367258847
LandscapeStreamingProxy_4_11_0,LandscapeStreamingProxy_9WRX77ZHBNN64U7IVGH2O6PBO_126_4_11_0
BP_VehicleAI_taxi_2_3,BP_VehicleAI_taxi_C_UAID_E08F4CF5208A907A02_1634109753
LandscapeStreamingProxy_14_7_0,LandscapeStreamingProxy_9WRX77ZHBNN64U7IVGH2O6PBO_126_14_7_0
LandscapeStreamingProxy_5_12_0,LandscapeStreamingProxy_9WRX77ZHBNN64U7IVGH2O6PBO_126_5_12_0
BP_VehicleAI_pickup2,BP_VehicleAI_pickup_C_UAID_E08F4CF5208A827A02_1802539214
PlayerStart,PlayerStart_0
BP_VehicleAI_SUV2_8,BP_VehicleAI_SUV2_C_UAID_E08F4CF5208A907A02_1587248679
BP_VehicleAI_taxi_1,BP_VehicleAI_taxi_C_UAID_E08F4CF5208A907A02_1587404692
Crosswalk6,StaticMeshActor_UAID_E08F4CF5208A9C7502_1853956535
LandscapeStreamingProxy_10_1_0,LandscapeStreamingProxy_9WRX77ZHBNN64U7IVGH2O6PBO_126_10_1_0
SFJ_2,StaticMeshActor_UAID_E08F4CF5208A377402_1371366678
Crosswalk16,StaticMeshActor_UAID_E08F4CF5208A9C7502_2048981547
Crosswalk1,StaticMeshActor_UAID_E08F4CF5208A9C7502_1611350530
Pickuptruck_7_VEHTAG1,StaticMeshActor_UAID_E08F4CF5208AA17502_1811511458
LandscapeStreamingProxy_2_14_0,LandscapeStreamingProxy_9WRX77ZHBNN64U7IVGH2O6PBO_126_2_14_0
BP_VehicleAI_taxi_2_2,BP_VehicleAI_taxi_C_UAID_E08F4CF5208A907A02_1587179673
Garbagetruck_4,StaticMeshActor_UAID_E08F4CF5208AA07502_1084024364
Bus_1_VEHTAG2,StaticMeshActor_UAID_E08F4CF5208AA17502_2102581470
LandscapeStreamingProxy_6_1_0,LandscapeStreamingProxy_9WRX77ZHBNN64U7IVGH2O6PBO_126_6_1_0
LandscapeStreamingProxy_3_12_0,LandscapeStreamingProxy_9WRX77ZHBNN64U7IVGH2O6PBO_126_3_12_0
Crosswalk12,StaticMeshActor_UAID_E08F4CF5208A9C7502_1954706542
LandscapeStreamingProxy_5_15_0,LandscapeStreamingProxy_9WRX77ZHBNN64U7IVGH2O6PBO_126_5_15_0
Crosswalk36,StaticMeshActor_UAID_E08F4CF5208A9D7502_1533822758
Crosswalk39,StaticMeshActor_UAID_E08F4CF5208A9D7502_1555880762
SM_White_Line_00_inst_8,StaticMeshActor_UAID_E08F4CF5208A9C7502_1391042522
BP_VehicleAI_SUV2_3,BP_VehicleAI_SUV2_C_UAID_E08F4CF5208A8E7A02_1425455342
BP_VehicleAI,BP_VehicleAI_C_UAID_E08F4CF5208A207602_2123277737
SM_StreetLamp_B6,StaticMeshActor_UAID_E08F4CF5208AC07502_1314586845
Lamps3x7,StaticMeshActor_UAID_E08F4CF5208AC07502_1951823865
BP_VehicleAI_policecar_4_2,BP_VehicleAI_policecar_C_UAID_E08F4CF5208A8E7A02_1425598353
BP_VehicleAI_sportscar_5_1,BP_VehicleAI_sportscar_C_UAID_E08F4CF5208A907A02_1587329686
SM_White_Line_00_inst_7,StaticMeshActor_UAID_E08F4CF5208A9C7502_1340650521
SUV2_1_VEHTAG1,StaticMeshActor_UAID_E08F4CF5208AA17502_1811424427
LandscapeStreamingProxy_5_3_0,LandscapeStreamingProxy_9WRX77ZHBNN64U7IVGH2O6PBO_126_5_3_0
BP_VehicleAI_sportscar3,BP_VehicleAI_sportscar_C_UAID_E08F4CF5208A747602_1428487531
LandscapeStreamingProxy_13_8_0,LandscapeStreamingProxy_9WRX77ZHBNN64U7IVGH2O6PBO_126_13_8_0
BP_VehicleAI_sportscar_9_1,BP_VehicleAI_sportscar_C_UAID_E08F4CF5208A8E7A02_1425520348
BP_VehicleAI_8_1,BP_VehicleAI_C_UAID_E08F4CF5208A8E7A02_1425292327
LandscapeStreamingProxy_10_13_0,LandscapeStreamingProxy_9WRX77ZHBNN64U7IVGH2O6PBO_126_10_13_0
LandscapeStreamingProxy_9_2_0,LandscapeStreamingProxy_9WRX77ZHBNN64U7IVGH2O6PBO_126_9_2_0
LandscapeStreamingProxy_9_9_0,LandscapeStreamingProxy_9WRX77ZHBNN64U7IVGH2O6PBO_126_9_9_0
LandscapeStreamingProxy_12_15_0,LandscapeStreamingProxy_9WRX77ZHBNN64U7IVGH2O6PBO_126_12_15_0
LandscapeStreamingProxy_0_13_0,LandscapeStreamingProxy_9WRX77ZHBNN64U7IVGH2O6PBO_126_0_13_0
LandscapeStreamingProxy_13_5_0,LandscapeStreamingProxy_9WRX77ZHBNN64U7IVGH2O6PBO_126_13_5_0
BP_VehicleAI_taxi_7,BP_VehicleAI_taxi_C_UAID_E08F4CF5208A8C7A02_1212163105
Van1_2,StaticMeshActor_UAID_E08F4CF5208AA07502_1083958340
Sportscar_1_VEHTAG3,StaticMeshActor_UAID_E08F4CF5208ABE7502_1435507492
LandscapeStreamingProxy_9_8_0,LandscapeStreamingProxy_9WRX77ZHBNN64U7IVGH2O6PBO_126_9_8_0
SFD_1,StaticMeshActor_UAID_E08F4CF5208A0E7402_1412105460
LandscapeStreamingProxy_15_13_0,LandscapeStreamingProxy_9WRX77ZHBNN64U7IVGH2O6PBO_126_15_13_0
Sedan2_1_VEHTAG1,StaticMeshActor_UAID_E08F4CF5208AA17502_1811397417
CHE_1,StaticMeshActor_UAID_E08F4CF5208A377402_1106938676
LandscapeStreamingProxy_9_1_0,LandscapeStreamingProxy_9WRX77ZHBNN64U7IVGH2O6PBO_126_9_1_0
Lamps_longline,StaticMeshActor_UAID_E08F4CF5208AC17502_1230764046
BP_VehicleAI_8_2,BP_VehicleAI_C_UAID_E08F4CF5208A8E7A02_1425509347
Milkvan_3_VEHTAG2,StaticMeshActor_UAID_E08F4CF5208AA17502_2102661497
Lamps3x,StaticMeshActor_UAID_E08F4CF5208AC07502_1729417856
Bus_4_VEHTAG1,StaticMeshActor_UAID_E08F4CF5208AA17502_1811494452
BP_VehicleAI_pickup_4,BP_VehicleAI_pickup_C_UAID_E08F4CF5208A8C7A02_1212356122
LandscapeStreamingProxy_1_5_0,LandscapeStreamingProxy_9WRX77ZHBNN64U7IVGH2O6PBO_126_1_5_0
LandscapeStreamingProxy_7_12_0,LandscapeStreamingProxy_9WRX77ZHBNN64U7IVGH2O6PBO_126_7_12_0
BP_SplineHuman_Type5,BP_SplineHuman_Type5_C_UAID_E08F4CF5208A477A02_1587259839
SM_Kit_ManholeCover_A_01,StaticMeshActor_UAID_D0C1B5477A2CCC7B02_1728727288
BP_VehicleAI_pickup4,BP_VehicleAI_pickup_C_UAID_6C6E07132D49788102_1328099840
LandscapeStreamingProxy_3_14_0,LandscapeStreamingProxy_9WRX77ZHBNN64U7IVGH2O6PBO_126_3_14_0
BP_VehicleAI_taxi_5_1,BP_VehicleAI_taxi_C_UAID_E08F4CF5208A907A02_1587214676
Crosswalk19,StaticMeshActor_UAID_E08F4CF5208A9C7502_2130269551
LandscapeStreamingProxy_10_4_0,LandscapeStreamingProxy_9WRX77ZHBNN64U7IVGH2O6PBO_126_10_4_0
BP_VehicleAI_SUV2_2_1,BP_VehicleAI_SUV2_C_UAID_E08F4CF5208A907A02_1587414693
Crosswalk37,StaticMeshActor_UAID_E08F4CF5208A9D7502_1537966759
SM_roof_antenna_d_N1,StaticMeshActor_UAID_E08F4CF5208A727602_1589906174
BP_SplineHuman_Type3,BP_SplineHuman_Type3_C_UAID_E08F4CF5208A3F7A02_1918728418
LandscapeStreamingProxy_0_1_0,LandscapeStreamingProxy_9WRX77ZHBNN64U7IVGH2O6PBO_126_0_1_0
Landscape,Landscape_UAID_E08F4CF5208A3C7402_1192932563
LandscapeStreamingProxy_8_6_0,LandscapeStreamingProxy_9WRX77ZHBNN64U7IVGH2O6PBO_126_8_6_0
Sportscar_2_VEHTAG1,StaticMeshActor_UAID_E08F4CF5208AA17502_1811400418
BP_VehicleAI_sportscar_8,BP_VehicleAI_sportscar_C_UAID_E08F4CF5208A8E7A02_1425400337
ExponentialHeightFog,ExponentialHeightFog_1
LandscapeStreamingProxy_4_8_0,LandscapeStreamingProxy_9WRX77ZHBNN64U7IVGH2O6PBO_126_4_8_0
BP_SplineRoad1,BP_SplineRoad_C_UAID_E08F4CF5208A707602_1146686815
SM_White_Line_00_inst_12,StaticMeshActor_UAID_E08F4CF5208A9C7502_1410710526
CityRoadNetwork1,StaticMeshActor_UAID_E08F4CF5208A507402_1269021076
LandscapeStreamingProxy_8_8_0,LandscapeStreamingProxy_9WRX77ZHBNN64U7IVGH2O6PBO_126_8_8_0
LandscapeStreamingProxy_1_12_0,LandscapeStreamingProxy_9WRX77ZHBNN64U7IVGH2O6PBO_126_1_12_0
Hugetruck_1_VEHTAG2,StaticMeshActor_UAID_E08F4CF5208AA17502_2102567465
Crosswalk28,StaticMeshActor_UAID_E08F4CF5208A9D7502_1345660746
BP_SplineHuman_Girl2,BP_SplineHuman_Girl2_C_UAID_E08F4CF5208A457A02_1135924483
Crosswalk15,StaticMeshActor_UAID_E08F4CF5208A9C7502_1997298546
LandscapeStreamingProxy_7_10_0,LandscapeStreamingProxy_9WRX77ZHBNN64U7IVGH2O6PBO_126_7_10_0
Taxi_2_VEHTAG1,StaticMeshActor_UAID_E08F4CF5208AA17502_1811391415
BP_VehicleAI_SUV2_1,BP_VehicleAI_SUV2_C_UAID_E08F4CF5208A8C7A02_1212085099
BP_VehicleAI_SUV2_4,BP_VehicleAI_SUV2_C_UAID_E08F4CF5208A907A02_1634131755
BP_VehicleAI_SUV1_9,BP_VehicleAI_SUV1_C_UAID_E08F4CF5208A8C7A02_1212407127
Lamps2x2,StaticMeshActor_UAID_E08F4CF5208AC17502_1209569045
BP_VehicleAI_SUV2_7_2,BP_VehicleAI_SUV2_C_UAID_E08F4CF5208A8E7A02_1425644356
CHI_1,StaticMeshActor_UAID_D843AED10BEFF47302_1919689891
SM_StreetLamp_B9,StaticMeshActor_UAID_E08F4CF5208AC07502_1383443851
Copcar_1_VEHTAG1,StaticMeshActor_UAID_E08F4CF5208AA17502_1811380411
SM_StreetLamp_B3,StaticMeshActor_UAID_E08F4CF5208AC07502_1367249846
Crosswalk38,StaticMeshActor_UAID_E08F4CF5208A9D7502_1552500761
LandscapeStreamingProxy_14_14_0,LandscapeStreamingProxy_9WRX77ZHBNN64U7IVGH2O6PBO_126_14_14_0
LandscapeStreamingProxy_4_2_0,LandscapeStreamingProxy_9WRX77ZHBNN64U7IVGH2O6PBO_126_4_2_0
LandscapeStreamingProxy_3_3_0,LandscapeStreamingProxy_9WRX77ZHBNN64U7IVGH2O6PBO_126_3_3_0
LandscapeStreamingProxy_14_6_0,LandscapeStreamingProxy_9WRX77ZHBNN64U7IVGH2O6PBO_126_14_6_0
BP_VehicleAI_sedan2_2_1,BP_VehicleAI_sedan2_C_UAID_E08F4CF5208A907A02_1587528703
LandscapeStreamingProxy_8_2_0,LandscapeStreamingProxy_9WRX77ZHBNN64U7IVGH2O6PBO_126_8_2_0
LandscapeStreamingProxy_9_15_0,LandscapeStreamingProxy_9WRX77ZHBNN64U7IVGH2O6PBO_126_9_15_0
SUV2_2_VEHTAG2,StaticMeshActor_UAID_E08F4CF5208AA17502_2102637489
LandscapeStreamingProxy_11_5_0,LandscapeStreamingProxy_9WRX77ZHBNN64U7IVGH2O6PBO_126_11_5_0
Copcar_1_VEHTAG2,StaticMeshActor_UAID_E08F4CF5208AA17502_2102557462
SM_White_Line_00_inst_4,StaticMeshActor_UAID_E08F4CF5208A9C7502_1339533518
BP_VehicleAI_SUV1_og,BP_VehicleAI_SUV1_og_C_UAID_6C6E07132D49748102_1871818135
LandscapeStreamingProxy_7_5_0,LandscapeStreamingProxy_9WRX77ZHBNN64U7IVGH2O6PBO_126_7_5_0
Pickuptruck_6_VEHTAG2,StaticMeshActor_UAID_E08F4CF5208AA17502_2102652494
Bus_1_VEHTAG1,StaticMeshActor_UAID_E08F4CF5208AA17502_1811405420
Van1_2_VEHTAG1,StaticMeshActor_UAID_E08F4CF5208AA17502_1811403419
Van1_7_VEHTAG1,StaticMeshActor_UAID_E08F4CF5208AA17502_1811497453
LandscapeStreamingProxy_5_10_0,LandscapeStreamingProxy_9WRX77ZHBNN64U7IVGH2O6PBO_126_5_10_0
SM_StreetLamp_B11,StaticMeshActor_UAID_E08F4CF5208AC07502_1383446853
BP_SplineHuman_Type13,BP_SplineHuman_Type13_C_UAID_E08F4CF5208A497A02_1081776195
Pickuptruck_7_VEHTAG2,StaticMeshActor_UAID_E08F4CF5208AA17502_2102669500
BP_VehicleAI_taxi_8_1,BP_VehicleAI_taxi_C_UAID_E08F4CF5208A907A02_1587481699
Pickuptruck_1,StaticMeshActor_UAID_E08F4CF5208AA07502_1083960341
LandscapeStreamingProxy_6_11_0,LandscapeStreamingProxy_9WRX77ZHBNN64U7IVGH2O6PBO_126_6_11_0
Pickuptruck_2_VEHTAG1,StaticMeshActor_UAID_E08F4CF5208AA17502_1811394416
LandscapeStreamingProxy_14_12_0,LandscapeStreamingProxy_9WRX77ZHBNN64U7IVGH2O6PBO_126_14_12_0
BP_VehicleAI_3,BP_VehicleAI_C_UAID_E08F4CF5208A907A02_1587425694
Crosswalk27,StaticMeshActor_UAID_E08F4CF5208A9D7502_1342081745
LandscapeStreamingProxy_5_11_0,LandscapeStreamingProxy_9WRX77ZHBNN64U7IVGH2O6PBO_126_5_11_0
LandscapeStreamingProxy_6_9_0,LandscapeStreamingProxy_9WRX77ZHBNN64U7IVGH2O6PBO_126_6_9_0
LandscapeStreamingProxy_11_11_0,LandscapeStreamingProxy_9WRX77ZHBNN64U7IVGH2O6PBO_126_11_11_0
LandscapeStreamingProxy_4_13_0,LandscapeStreamingProxy_9WRX77ZHBNN64U7IVGH2O6PBO_126_4_13_0
LandscapeStreamingProxy_7_7_0,LandscapeStreamingProxy_9WRX77ZHBNN64U7IVGH2O6PBO_126_7_7_0
LandscapeStreamingProxy_9_0_0,LandscapeStreamingProxy_9WRX77ZHBNN64U7IVGH2O6PBO_126_9_0_0
SM_White_Line_00_inst_5,StaticMeshActor_UAID_E08F4CF5208A9C7502_1339940519
BP_VehicleAI_pickup_2_1,BP_VehicleAI_pickup_C_UAID_E08F4CF5208A907A02_1634220763
Pickuptruck_2,StaticMeshActor_UAID_E08F4CF5208AA07502_1083988351
Hugetruck_2,StaticMeshActor_UAID_E08F4CF5208AA07502_1083917325
Crosswalk30,StaticMeshActor_UAID_E08F4CF5208A9D7502_1373122748
LandscapeStreamingProxy_1_9_0,LandscapeStreamingProxy_9WRX77ZHBNN64U7IVGH2O6PBO_126_1_9_0
Crosswalk33,StaticMeshActor_UAID_E08F4CF5208A9D7502_1424738753
BP_VehicleAI_taxi_5,BP_VehicleAI_taxi_C_UAID_E08F4CF5208A8E7A02_1425615354
LandscapeStreamingProxy_10_8_0,LandscapeStreamingProxy_9WRX77ZHBNN64U7IVGH2O6PBO_126_10_8_0
BP_VehicleAI_policecar_0,BP_VehicleAI_policecar_C_UAID_E08F4CF5208A8E7A02_1425199319
LandscapeStreamingProxy_6_0_0,LandscapeStreamingProxy_9WRX77ZHBNN64U7IVGH2O6PBO_126_6_0_0
LandscapeStreamingProxy_5_5_0,LandscapeStreamingProxy_9WRX77ZHBNN64U7IVGH2O6PBO_126_5_5_0
LandscapeStreamingProxy_8_3_0,LandscapeStreamingProxy_9WRX77ZHBNN64U7IVGH2O6PBO_126_8_3_0
LandscapeStreamingProxy_12_6_0,LandscapeStreamingProxy_9WRX77ZHBNN64U7IVGH2O6PBO_126_12_6_0
LandscapeStreamingProxy_13_11_0,LandscapeStreamingProxy_9WRX77ZHBNN64U7IVGH2O6PBO_126_13_11_0
Lamps3x4,StaticMeshActor_UAID_E08F4CF5208AC07502_1876857860
BP_VehicleAI_sedan2,BP_VehicleAI_sedan2_C_UAID_E08F4CF5208A897A02_1645761448
LandscapeStreamingProxy_1_13_0,LandscapeStreamingProxy_9WRX77ZHBNN64U7IVGH2O6PBO_126_1_13_0
BP_SplineHuman_Type7,BP_SplineHuman_Type7_C_UAID_E08F4CF5208A417A02_1772760774
Crosswalk25,StaticMeshActor_UAID_E08F4CF5208A9D7502_1281695741
LandscapeStreamingProxy_2_15_0,LandscapeStreamingProxy_9WRX77ZHBNN64U7IVGH2O6PBO_126_2_15_0
LandscapeStreamingProxy_2_10_0,LandscapeStreamingProxy_9WRX77ZHBNN64U7IVGH2O6PBO_126_2_10_0
Hugetruck_3_VEHTAG2,StaticMeshActor_UAID_E08F4CF5208AA17502_2102602477
Sportscar_1_VEHTAG2,StaticMeshActor_UAID_E08F4CF5208AA17502_2102629486
Sedan2_2_VEHTAG1,StaticMeshActor_UAID_E08F4CF5208AA17502_1811452437
LandscapeStreamingProxy_14_4_0,LandscapeStreamingProxy_9WRX77ZHBNN64U7IVGH2O6PBO_126_14_4_0
LandscapeStreamingProxy_4_1_0,LandscapeStreamingProxy_9WRX77ZHBNN64U7IVGH2O6PBO_126_4_1_0
Sedan1_1,StaticMeshActor_UAID_E08F4CF5208AA07502_1083905321
SM_StreetLamp_B5,StaticMeshActor_UAID_E08F4CF5208AC07502_1383439849
SM_StreetLamp_B12,StaticMeshActor_UAID_E08F4CF5208AC07502_1383448854
Crosswalk20,StaticMeshActor_UAID_E08F4CF5208A9D7502_1098963729
LandscapeStreamingProxy_7_14_0,LandscapeStreamingProxy_9WRX77ZHBNN64U7IVGH2O6PBO_126_7_14_0
LandscapeStreamingProxy_9_4_0,LandscapeStreamingProxy_9WRX77ZHBNN64U7IVGH2O6PBO_126_9_4_0
Pickuptruck_3_VEHTAG1,StaticMeshActor_UAID_E08F4CF5208AA17502_1811408421
LandscapeStreamingProxy_11_10_0,LandscapeStreamingProxy_9WRX77ZHBNN64U7IVGH2O6PBO_126_11_10_0
BP_VehicleAI_sedan2_8,BP_VehicleAI_sedan2_C_UAID_E08F4CF5208A8C7A02_1212396126
BP_SplineHuman_Mannequin1,BP_SplineHuman_Mannequin1_C_UAID_E08F4CF5208A457A02_1512040484
BP_VehicleAI_SUV2_1_2,BP_VehicleAI_SUV2_C_UAID_E08F4CF5208A907A02_1633982742
LandscapeStreamingProxy_11_3_0,LandscapeStreamingProxy_9WRX77ZHBNN64U7IVGH2O6PBO_126_11_3_0
LandscapeStreamingProxy_5_1_0,LandscapeStreamingProxy_9WRX77ZHBNN64U7IVGH2O6PBO_126_5_1_0
Sportscar_4_VEHTAG1,StaticMeshActor_UAID_E08F4CF5208AA17502_1811483448
Garbagetruck_7_VEHTAG1,StaticMeshActor_UAID_E08F4CF5208AA17502_1811513459
LandscapeStreamingProxy_1_7_0,LandscapeStreamingProxy_9WRX77ZHBNN64U7IVGH2O6PBO_126_1_7_0
Van1_9_VEHTAG1,StaticMeshActor_UAID_E08F4CF5208AA17502_1811508457
LandscapeStreamingProxy_11_9_0,LandscapeStreamingProxy_9WRX77ZHBNN64U7IVGH2O6PBO_126_11_9_0
LandscapeStreamingProxy_1_6_0,LandscapeStreamingProxy_9WRX77ZHBNN64U7IVGH2O6PBO_126_1_6_0
Pickuptruck_5_VEHTAG1,StaticMeshActor_UAID_E08F4CF5208AA17502_1811455438
SM_StreetLamp_B8,StaticMeshActor_UAID_E08F4CF5208AC07502_1383442850
LandscapeStreamingProxy_2_9_0,LandscapeStreamingProxy_9WRX77ZHBNN64U7IVGH2O6PBO_126_2_9_0
LandscapeStreamingProxy_7_6_0,LandscapeStreamingProxy_9WRX77ZHBNN64U7IVGH2O6PBO_126_7_6_0
BP_VehicleAI_sedan2_3_1,BP_VehicleAI_sedan2_C_UAID_E08F4CF5208A8E7A02_1425575352
LandscapeStreamingProxy_12_3_0,LandscapeStreamingProxy_9WRX77ZHBNN64U7IVGH2O6PBO_126_12_3_0
LandscapeStreamingProxy_9_14_0,LandscapeStreamingProxy_9WRX77ZHBNN64U7IVGH2O6PBO_126_9_14_0
LandscapeStreamingProxy_1_3_0,LandscapeStreamingProxy_9WRX77ZHBNN64U7IVGH2O6PBO_126_1_3_0
LandscapeStreamingProxy_11_14_0,LandscapeStreamingProxy_9WRX77ZHBNN64U7IVGH2O6PBO_126_11_14_0
BP_VehicleAI_sportscar_2_2,BP_VehicleAI_sportscar_C_UAID_E08F4CF5208A907A02_1633873733
LandscapeStreamingProxy_15_1_0,LandscapeStreamingProxy_9WRX77ZHBNN64U7IVGH2O6PBO_126_15_1_0
SUV1_4_VEHTAG1,StaticMeshActor_UAID_E08F4CF5208AA17502_1811461440
BP_VehicleAI_policecar_9_3,BP_VehicleAI_policecar_C_UAID_E08F4CF5208A907A02_1587381690
BP_VehicleAI_policecar_8,BP_VehicleAI_policecar_C_UAID_E08F4CF5208A8C7A02_1212502136
BP_VehicleAI_SUV1_4_1,BP_VehicleAI_SUV1_C_UAID_E08F4CF5208A907A02_1634018745
BP_VehicleAI_policecar_0_3,BP_VehicleAI_policecar_C_UAID_E08F4CF5208A907A02_1633971741
BP_VehicleAI_6_3,BP_VehicleAI_C_UAID_E08F4CF5208A907A02_1634271767
LandscapeStreamingProxy_2_8_0,LandscapeStreamingProxy_9WRX77ZHBNN64U7IVGH2O6PBO_126_2_8_0
BP_VehicleAI_taxi_7_2,BP_VehicleAI_taxi_C_UAID_E08F4CF5208A907A02_1634283768
SFB_hero_1,StaticMeshActor_UAID_E08F4CF5208A0E7402_1587105462
BP_VehicleAI_1_4,BP_VehicleAI_C_UAID_E08F4CF5208A907A02_1633857732
LandscapeStreamingProxy_2_6_0,LandscapeStreamingProxy_9WRX77ZHBNN64U7IVGH2O6PBO_126_2_6_0
Garbagetruck_3,StaticMeshActor_UAID_E08F4CF5208AA07502_1084013360
LandscapeStreamingProxy_7_8_0,LandscapeStreamingProxy_9WRX77ZHBNN64U7IVGH2O6PBO_126_7_8_0
BP_VehicleAI_taxi_4_2,BP_VehicleAI_taxi_C_UAID_E08F4CF5208A907A02_1587436695
BP_VehicleAI_SUV2_7_3,BP_VehicleAI_SUV2_C_UAID_E08F4CF5208A907A02_1587237678
BP_VehicleAI_0_2,BP_VehicleAI_C_UAID_E08F4CF5208A907A02_1633840731
LandscapeStreamingProxy_2_4_0,LandscapeStreamingProxy_9WRX77ZHBNN64U7IVGH2O6PBO_126_2_4_0
LandscapeStreamingProxy_5_7_0,LandscapeStreamingProxy_9WRX77ZHBNN64U7IVGH2O6PBO_126_5_7_0
Milkvan_1,StaticMeshActor_UAID_E08F4CF5208AA07502_1083911323
BP_VehicleAI_sedan2_5_2,BP_VehicleAI_sedan2_C_UAID_E08F4CF5208A907A02_1587447696
Sedan1_2_VEHTAG3,StaticMeshActor_UAID_E08F4CF5208ABE7502_1435518496
LandscapeStreamingProxy_8_12_0,LandscapeStreamingProxy_9WRX77ZHBNN64U7IVGH2O6PBO_126_8_12_0
LandscapeStreamingProxy_9_7_0,LandscapeStreamingProxy_9WRX77ZHBNN64U7IVGH2O6PBO_126_9_7_0
LandscapeStreamingProxy_8_5_0,LandscapeStreamingProxy_9WRX77ZHBNN64U7IVGH2O6PBO_126_8_5_0
SM_roof_antenna_a_N1,StaticMeshActor_UAID_E08F4CF5208A727602_1562647173
Van1_5_VEHTAG1,StaticMeshActor_UAID_E08F4CF5208AA17502_1811463441
BP_VehicleAI_taxi_4_3,BP_VehicleAI_taxi_C_UAID_E08F4CF5208A907A02_1587550705
SUV2_4,StaticMeshActor_UAID_E08F4CF5208AA07502_1084015361
LandscapeStreamingProxy_0_12_0,LandscapeStreamingProxy_9WRX77ZHBNN64U7IVGH2O6PBO_126_0_12_0
BP_VehicleAI_SUV1_8,BP_VehicleAI_SUV1_C_UAID_E08F4CF5208A8C7A02_1212174106
LandscapeStreamingProxy_11_6_0,LandscapeStreamingProxy_9WRX77ZHBNN64U7IVGH2O6PBO_126_11_6_0
LandscapeStreamingProxy_3_1_0,LandscapeStreamingProxy_9WRX77ZHBNN64U7IVGH2O6PBO_126_3_1_0
Van1_2_VEHTAG2,StaticMeshActor_UAID_E08F4CF5208AA17502_2102690507
Copcar_5,StaticMeshActor_UAID_E08F4CF5208AA07502_1790130207
BP_VehicleAI3,BP_VehicleAI_C_UAID_E08F4CF5208A747602_1422771530
LandscapeStreamingProxy_14_1_0,LandscapeStreamingProxy_9WRX77ZHBNN64U7IVGH2O6PBO_126_14_1_0
LandscapeStreamingProxy_6_8_0,LandscapeStreamingProxy_9WRX77ZHBNN64U7IVGH2O6PBO_126_6_8_0
LandscapeStreamingProxy_13_4_0,LandscapeStreamingProxy_9WRX77ZHBNN64U7IVGH2O6PBO_126_13_4_0
Taxi_1_VEHTAG1,StaticMeshActor_UAID_E08F4CF5208AA17502_1811386413
Copcar_3,StaticMeshActor_UAID_E08F4CF5208AA07502_1083974346
SUV1_3,StaticMeshActor_UAID_E08F4CF5208AA07502_1083993353
LandscapeStreamingProxy_14_9_0,LandscapeStreamingProxy_9WRX77ZHBNN64U7IVGH2O6PBO_126_14_9_0
BP_VehicleAI_pickup_7,BP_VehicleAI_pickup_C_UAID_E08F4CF5208A907A02_1634051748
BP_VehicleAI_SUV2_0_1,BP_VehicleAI_SUV2_C_UAID_E08F4CF5208A8E7A02_1425313329
SUV1_2_VEHTAG2,StaticMeshActor_UAID_E08F4CF5208AA17502_2102658496
BP_VehicleAI_taxi_8_2,BP_VehicleAI_taxi_C_UAID_E08F4CF5208A907A02_1633947739
GroundPlane,StaticMeshActor_UAID_D843AED10BEFF37302_2061422706
LandscapeStreamingProxy_13_7_0,LandscapeStreamingProxy_9WRX77ZHBNN64U7IVGH2O6PBO_126_13_7_0
BP_VehicleAI_SUV1_2,BP_VehicleAI_SUV1_C_UAID_E08F4CF5208A8C7A02_1212335120
LandscapeStreamingProxy_12_14_0,LandscapeStreamingProxy_9WRX77ZHBNN64U7IVGH2O6PBO_126_12_14_0
Taxi_3_VEHTAG2,StaticMeshActor_UAID_E08F4CF5208AA17502_2102596475
LandscapeStreamingProxy_7_11_0,LandscapeStreamingProxy_9WRX77ZHBNN64U7IVGH2O6PBO_126_7_11_0
LandscapeStreamingProxy_4_14_0,LandscapeStreamingProxy_9WRX77ZHBNN64U7IVGH2O6PBO_126_4_14_0
BP_VehicleAI_sedan2_6_1,BP_VehicleAI_sedan2_C_UAID_E08F4CF5208A907A02_1633924737
LandscapeStreamingProxy_11_4_0,LandscapeStreamingProxy_9WRX77ZHBNN64U7IVGH2O6PBO_126_11_4_0
Sedan2_2,StaticMeshActor_UAID_E08F4CF5208AA07502_1083920326
BP_VehicleAI_SUV2_6_2,BP_VehicleAI_SUV2_C_UAID_E08F4CF5208A907A02_1634152757
LandscapeStreamingProxy_3_13_0,LandscapeStreamingProxy_9WRX77ZHBNN64U7IVGH2O6PBO_126_3_13_0
Sportscar_2,StaticMeshActor_UAID_E08F4CF5208AA07502_2021520208
NYAB3,StaticMeshActor_UAID_E08F4CF5208A397402_2004829033
LandscapeStreamingProxy_8_4_0,LandscapeStreamingProxy_9WRX77ZHBNN64U7IVGH2O6PBO_126_8_4_0
LandscapeStreamingProxy_12_7_0,LandscapeStreamingProxy_9WRX77ZHBNN64U7IVGH2O6PBO_126_12_7_0
LandscapeStreamingProxy_1_8_0,LandscapeStreamingProxy_9WRX77ZHBNN64U7IVGH2O6PBO_126_1_8_0
Sedan1_2,StaticMeshActor_UAID_E08F4CF5208AA07502_1083923327
Pickuptruck_4_VEHTAG2,StaticMeshActor_UAID_E08F4CF5208AA17502_2102605478
Sedan2_4_VEHTAG1,StaticMeshActor_UAID_E08F4CF5208AA17502_1811491451
LandscapeStreamingProxy_1_11_0,LandscapeStreamingProxy_9WRX77ZHBNN64U7IVGH2O6PBO_126_1_11_0
BP_VehicleAI2,BP_VehicleAI_C_UAID_E08F4CF5208A707602_1735325817
BP_VehicleAI_policecar_5_2,BP_VehicleAI_policecar_C_UAID_E08F4CF5208A907A02_1634142756
SM_SkySphere,StaticMeshActor_UAID_A4AE111137DC5EFB00_1594956423
LandscapeStreamingProxy_11_0_0,LandscapeStreamingProxy_9WRX77ZHBNN64U7IVGH2O6PBO_126_11_0_0
BP_VehicleAI_1,BP_VehicleAI_C_UAID_E08F4CF5208A8C7A02_1212426129
Pickuptruck_3_VEHTAG2,StaticMeshActor_UAID_E08F4CF5208AA17502_2102584471
LandscapeStreamingProxy_1_2_0,LandscapeStreamingProxy_9WRX77ZHBNN64U7IVGH2O6PBO_126_1_2_0
Sportscar_1_VEHTAG1,StaticMeshActor_UAID_E08F4CF5208AA17502_1811383412
LandscapeStreamingProxy_7_2_0,LandscapeStreamingProxy_9WRX77ZHBNN64U7IVGH2O6PBO_126_7_2_0
LandscapeStreamingProxy_6_2_0,LandscapeStreamingProxy_9WRX77ZHBNN64U7IVGH2O6PBO_126_6_2_0
Sedan2_3,StaticMeshActor_UAID_E08F4CF5208AA07502_1083955339
BP_VehicleAI_sedan2_9,BP_VehicleAI_sedan2_C_UAID_E08F4CF5208A8E7A02_1425303328
LandscapeStreamingProxy_3_8_0,LandscapeStreamingProxy_9WRX77ZHBNN64U7IVGH2O6PBO_126_3_8_0
LandscapeStreamingProxy_12_4_0,LandscapeStreamingProxy_9WRX77ZHBNN64U7IVGH2O6PBO_126_12_4_0
SkyLight,SkyLight_0
LandscapeStreamingProxy_6_7_0,LandscapeStreamingProxy_9WRX77ZHBNN64U7IVGH2O6PBO_126_6_7_0
LandscapeStreamingProxy_2_12_0,LandscapeStreamingProxy_9WRX77ZHBNN64U7IVGH2O6PBO_126_2_12_0
BP_SplineHuman_Type10,BP_SplineHuman_Type10_C_UAID_E08F4CF5208A437A02_1596611129
LandscapeStreamingProxy_15_9_0,LandscapeStreamingProxy_9WRX77ZHBNN64U7IVGH2O6PBO_126_15_9_0
Crosswalk10,StaticMeshActor_UAID_E08F4CF5208A9C7502_1941763539
LandscapeStreamingProxy_11_8_0,LandscapeStreamingProxy_9WRX77ZHBNN64U7IVGH2O6PBO_126_11_8_0
LandscapeStreamingProxy_15_15_0,LandscapeStreamingProxy_9WRX77ZHBNN64U7IVGH2O6PBO_126_15_15_0
LandscapeStreamingProxy_10_5_0,LandscapeStreamingProxy_9WRX77ZHBNN64U7IVGH2O6PBO_126_10_5_0
NYAB2,StaticMeshActor_UAID_E08F4CF5208A377402_1530199680
SUV2_3_VEHTAG1,StaticMeshActor_UAID_E08F4CF5208AA17502_1811474445
BP_VehicleAI_SUV2_9_1,BP_VehicleAI_SUV2_C_UAID_E08F4CF5208A907A02_1587492700
LandscapeStreamingProxy_3_7_0,LandscapeStreamingProxy_9WRX77ZHBNN64U7IVGH2O6PBO_126_3_7_0
Bus_3_VEHTAG1,StaticMeshActor_UAID_E08F4CF5208AA17502_1811488450
BP_VehicleAI_SUV1_4,BP_VehicleAI_SUV1_C_UAID_E08F4CF5208A8E7A02_1425356333
NYG,StaticMeshActor_UAID_E08F4CF5208A0E7402_1848368466
BP_SplineRoad4,BP_SplineRoad_C_UAID_E08F4CF5208A737602_1876254353
BP_VehicleAI_taxi_2,BP_VehicleAI_taxi_C_UAID_E08F4CF5208A8C7A02_1212229110
Van1_6_VEHTAG1,StaticMeshActor_UAID_E08F4CF5208AA17502_1811480447
SFD_2,StaticMeshActor_UAID_E08F4CF5208A0E7402_1614099463
BP_SplineHuman_Type2,BP_SplineHuman_Type2_C_UAID_E08F4CF5208A417A02_1509275773
LandscapeStreamingProxy_2_5_0,LandscapeStreamingProxy_9WRX77ZHBNN64U7IVGH2O6PBO_126_2_5_0
BP_VehicleAI_policecar_5,BP_VehicleAI_policecar_C_UAID_E08F4CF5208A8E7A02_1425257324
Hugetruck_1_VEHTAG3,StaticMeshActor_UAID_E08F4CF5208ABE7502_1435504491
BP_VehicleAI_SUV2_3_2,BP_VehicleAI_SUV2_C_UAID_E08F4CF5208A907A02_1634005744
Taxi_1_VEHTAG3,StaticMeshActor_UAID_E08F4CF5208ABE7502_1435495488
Sedan1_3_VEHTAG2,StaticMeshActor_UAID_E08F4CF5208AA17502_2102678503
BP_VehicleAI_pickup3,BP_VehicleAI_pickup_C_UAID_E08F4CF5208A827A02_1889040215
BP_VehicleAI_sportscar_2_1,BP_VehicleAI_sportscar_C_UAID_E08F4CF5208A8E7A02_1425335331
BP_VehicleAI_pickup_2_2,BP_VehicleAI_pickup_C_UAID_E08F4CF5208A907A02_1634341773
SUV1_5_VEHTAG1,StaticMeshActor_UAID_E08F4CF5208AA17502_1811499454
BP_VehicleAI_SUV1_7_1,BP_VehicleAI_SUV1_C_UAID_E08F4CF5208A8E7A02_1425387336
LandscapeStreamingProxy_8_1_0,LandscapeStreamingProxy_9WRX77ZHBNN64U7IVGH2O6PBO_126_8_1_0
Garbagetruck_3_VEHTAG2,StaticMeshActor_UAID_E08F4CF5208AA17502_2102681504
BP_SplineRoad2,BP_SplineRoad_C_UAID_E08F4CF5208A717602_1868751995
BP_VehicleAI_pickup_3,BP_VehicleAI_pickup_C_UAID_E08F4CF5208A907A02_1587539704
Crosswalk4,StaticMeshActor_UAID_E08F4CF5208A9C7502_1771453533
LandscapeStreamingProxy_15_12_0,LandscapeStreamingProxy_9WRX77ZHBNN64U7IVGH2O6PBO_126_15_12_0
LandscapeStreamingProxy_10_9_0,LandscapeStreamingProxy_9WRX77ZHBNN64U7IVGH2O6PBO_126_10_9_0
LandscapeStreamingProxy_12_10_0,LandscapeStreamingProxy_9WRX77ZHBNN64U7IVGH2O6PBO_126_12_10_0
LandscapeStreamingProxy_13_10_0,LandscapeStreamingProxy_9WRX77ZHBNN64U7IVGH2O6PBO_126_13_10_0
BP_SplineHuman_Type6,BP_SplineHuman_Type6_C_UAID_E08F4CF5208A407A02_1088594595
Sedan2_1,StaticMeshActor_UAID_E08F4CF5208AA07502_1083882316
LandscapeStreamingProxy_10_6_0,LandscapeStreamingProxy_9WRX77ZHBNN64U7IVGH2O6PBO_126_10_6_0
LandscapeStreamingProxy_0_6_0,LandscapeStreamingProxy_9WRX77ZHBNN64U7IVGH2O6PBO_126_0_6_0
VolumetricCloud,VolumetricCloud_1
LandscapeStreamingProxy_12_1_0,LandscapeStreamingProxy_9WRX77ZHBNN64U7IVGH2O6PBO_126_12_1_0
Pickuptruck_4,StaticMeshActor_UAID_E08F4CF5208AA07502_1084007358
Van1_4_VEHTAG1,StaticMeshActor_UAID_E08F4CF5208AA17502_1811422426
BP_VehicleAI_policecar_3_2,BP_VehicleAI_policecar_C_UAID_E08F4CF5208A907A02_1587192674
LandscapeStreamingProxy_0_4_0,LandscapeStreamingProxy_9WRX77ZHBNN64U7IVGH2O6PBO_126_0_4_0
BP_VehicleAI_9,BP_VehicleAI_C_UAID_E08F4CF5208A907A02_1634305770
Sedan1_5,StaticMeshActor_UAID_E08F4CF5208AA07502_1083966343
LandscapeStreamingProxy_15_3_0,LandscapeStreamingProxy_9WRX77ZHBNN64U7IVGH2O6PBO_126_15_3_0
Sedan2_4,StaticMeshActor_UAID_E08F4CF5208AA07502_1083977347
BP_VehicleAI_policecar_2_1,BP_VehicleAI_policecar_C_UAID_E08F4CF5208A907A02_1633993743
BP_VehicleAI_sportscar_1_1,BP_VehicleAI_sportscar_C_UAID_E08F4CF5208A8E7A02_1425324330
CHG_2,StaticMeshActor_UAID_E08F4CF5208A377402_1448174679
Copcar_4_VEHTAG2,StaticMeshActor_UAID_E08F4CF5208AA17502_2102611480
SUV1_1_VEHTAG1,StaticMeshActor_UAID_E08F4CF5208AA17502_1811411422
BP_VehicleAI_taxi_6_1,BP_VehicleAI_taxi_C_UAID_E08F4CF5208A8E7A02_1425487345
BP_VehicleAI_sportscar_7_1,BP_VehicleAI_sportscar_C_UAID_E08F4CF5208A907A02_1587469698
LandscapeStreamingProxy_3_15_0,LandscapeStreamingProxy_9WRX77ZHBNN64U7IVGH2O6PBO_126_3_15_0
LandscapeStreamingProxy_5_8_0,LandscapeStreamingProxy_9WRX77ZHBNN64U7IVGH2O6PBO_126_5_8_0
Garbagetruck_2_VEHTAG1,StaticMeshActor_UAID_E08F4CF5208AA17502_1811369408
Van1_3_VEHTAG1,StaticMeshActor_UAID_E08F4CF5208AA17502_1811416424
BP_VehicleAI_7,BP_VehicleAI_C_UAID_E08F4CF5208A8E7A02_1425281326
Copcar_2,StaticMeshActor_UAID_E08F4CF5208AA07502_1083928329
BP_VehicleAI_1_2,BP_VehicleAI_C_UAID_E08F4CF5208A8E7A02_1425544350
LandscapeStreamingProxy_0_10_0,LandscapeStreamingProxy_9WRX77ZHBNN64U7IVGH2O6PBO_126_0_10_0
Crosswalk_short,StaticMeshActor_UAID_E08F4CF5208A9D7502_1182708733
Garbagetruck_4_VEHTAG1,StaticMeshActor_UAID_E08F4CF5208AA17502_1811430429
BP_VehicleAI_sportscar_1,BP_VehicleAI_sportscar_C_UAID_E08F4CF5208A8E7A02_1425214320
LandscapeStreamingProxy_15_8_0,LandscapeStreamingProxy_9WRX77ZHBNN64U7IVGH2O6PBO_126_15_8_0
LandscapeStreamingProxy_7_4_0,LandscapeStreamingProxy_9WRX77ZHBNN64U7IVGH2O6PBO_126_7_4_0
Copcar_3_VEHTAG1,StaticMeshActor_UAID_E08F4CF5208AA17502_1811447435
CHJ_1,StaticMeshActor_UAID_D843AED10BEFF47302_1993644892
Hugetruck_5,StaticMeshActor_UAID_E08F4CF5208AA07502_1083982349
LandscapeStreamingProxy_0_11_0,LandscapeStreamingProxy_9WRX77ZHBNN64U7IVGH2O6PBO_126_0_11_0
LandscapeStreamingProxy_8_10_0,LandscapeStreamingProxy_9WRX77ZHBNN64U7IVGH2O6PBO_126_8_10_0
BP_VehicleAI_SUV2,BP_VehicleAI_SUV1_C_UAID_E08F4CF5208A817A02_2080892033
SUV2_3_VEHTAG2,StaticMeshActor_UAID_E08F4CF5208AA17502_2102699510
LandscapeStreamingProxy_13_6_0,LandscapeStreamingProxy_9WRX77ZHBNN64U7IVGH2O6PBO_126_13_6_0
Sedan2_1_VEHTAG3,StaticMeshActor_UAID_E08F4CF5208ABE7502_1435523498
Van1_1_VEHTAG1,StaticMeshActor_UAID_E08F4CF5208AA17502_1811389414
Sedan1_3,StaticMeshActor_UAID_E08F4CF5208AA07502_1083925328
BP_VehicleAI_sedan2_1_1,BP_VehicleAI_sedan2_C_UAID_E08F4CF5208A907A02_1587283682
BP_SplineHuman_Mannequin3,BP_SplineHuman_Mannequin2_C_UAID_E08F4CF5208A457A02_1886793485
LandscapeStreamingProxy_3_11_0,LandscapeStreamingProxy_9WRX77ZHBNN64U7IVGH2O6PBO_126_3_11_0
BP_SplineHuman_Type4,BP_SplineHuman_Type4_C_UAID_E08F4CF5208A467A02_1775944662
LandscapeStreamingProxy_4_0_0,LandscapeStreamingProxy_9WRX77ZHBNN64U7IVGH2O6PBO_126_4_0_0
LandscapeStreamingProxy_11_7_0,LandscapeStreamingProxy_9WRX77ZHBNN64U7IVGH2O6PBO_126_11_7_0
Crosswalk2,StaticMeshActor_UAID_E08F4CF5208A9C7502_1578761529
SM_White_Line_00_inst_6,StaticMeshActor_UAID_E08F4CF5208A9C7502_1340294520
BP_VehicleAI_pickup_3_1,BP_VehicleAI_pickup_C_UAID_E08F4CF5208A907A02_1634120754
LandscapeStreamingProxy_15_0_0,LandscapeStreamingProxy_9WRX77ZHBNN64U7IVGH2O6PBO_126_15_0_0
LandscapeStreamingProxy_6_4_0,LandscapeStreamingProxy_9WRX77ZHBNN64U7IVGH2O6PBO_126_6_4_0
Sedan2_1_VEHTAG2,StaticMeshActor_UAID_E08F4CF5208AA17502_2102593474
BP_VehicleAI_policecar_0_4,BP_VehicleAI_policecar_C_UAID_E08F4CF5208A907A02_1634085751
PostProcessVolume,PostProcessVolume_0
BP_SplineHuman_Type9,BP_SplineHuman_Type9_C_UAID_E08F4CF5208A477A02_1940754840
BP_VehicleAI_policecar_3_1,BP_VehicleAI_policecar_C_UAID_E08F4CF5208A8E7A02_1425345332
LandscapeStreamingProxy_6_12_0,LandscapeStreamingProxy_9WRX77ZHBNN64U7IVGH2O6PBO_126_6_12_0
Sedan2_3_VEHTAG1,StaticMeshActor_UAID_E08F4CF5208AA17502_1811466442
LandscapeStreamingProxy_4_7_0,LandscapeStreamingProxy_9WRX77ZHBNN64U7IVGH2O6PBO_126_4_7_0
Pickuptruck_6,StaticMeshActor_UAID_E08F4CF5208AA07502_1084021363
LandscapeStreamingProxy_4_9_0,LandscapeStreamingProxy_9WRX77ZHBNN64U7IVGH2O6PBO_126_4_9_0
Sportscar_3,StaticMeshActor_UAID_E08F4CF5208AA07502_2022041209
Crosswalk34,StaticMeshActor_UAID_E08F4CF5208A9D7502_1463839755
LandscapeStreamingProxy_10_10_0,LandscapeStreamingProxy_9WRX77ZHBNN64U7IVGH2O6PBO_126_10_10_0
LandscapeStreamingProxy_5_9_0,LandscapeStreamingProxy_9WRX77ZHBNN64U7IVGH2O6PBO_126_5_9_0
LandscapeStreamingProxy_12_5_0,LandscapeStreamingProxy_9WRX77ZHBNN64U7IVGH2O6PBO_126_12_5_0
BP_VehicleAI_taxi_0_1,BP_VehicleAI_taxi_C_UAID_E08F4CF5208A907A02_1587505701
BP_VehicleAI_sedan2_8_1,BP_VehicleAI_sedan2_C_UAID_E08F4CF5208A907A02_1587595709
LandscapeStreamingProxy_6_10_0,LandscapeStreamingProxy_9WRX77ZHBNN64U7IVGH2O6PBO_126_6_10_0
LandscapeStreamingProxy_15_6_0,LandscapeStreamingProxy_9WRX77ZHBNN64U7IVGH2O6PBO_126_15_6_0
LandscapeStreamingProxy_4_6_0,LandscapeStreamingProxy_9WRX77ZHBNN64U7IVGH2O6PBO_126_4_6_0
LandscapeStreamingProxy_0_3_0,LandscapeStreamingProxy_9WRX77ZHBNN64U7IVGH2O6PBO_126_0_3_0
BP_VehicleAI_taxi_3,BP_VehicleAI_taxi_C_UAID_E08F4CF5208A8C7A02_1212448131
BP_VehicleAI_SUV1_0,BP_VehicleAI_SUV1_C_UAID_E08F4CF5208A8C7A02_1212313118
LandscapeStreamingProxy_14_2_0,LandscapeStreamingProxy_9WRX77ZHBNN64U7IVGH2O6PBO_126_14_2_0
BP_VehicleAI_policecar_6,BP_VehicleAI_policecar_C_UAID_E08F4CF5208A907A02_1587458697
BP_VehicleAI_sportscar_5,BP_VehicleAI_sportscar_C_UAID_E08F4CF5208A8C7A02_1212469133
BP_SplineRoad6,BP_SplineRoad_C_UAID_E08F4CF5208A767602_2099914887
BP_VehicleAI_SUV2_9_4,BP_VehicleAI_SUV2_C_UAID_E08F4CF5208A907A02_1634184760
BP_VehicleAI_pickup_0,BP_VehicleAI_pickup_C_UAID_E08F4CF5208A8C7A02_1212197108
LandscapeStreamingProxy_1_10_0,LandscapeStreamingProxy_9WRX77ZHBNN64U7IVGH2O6PBO_126_1_10_0
Crosswalk40,StaticMeshActor_UAID_E08F4CF5208A3F7A02_1579444416
BP_VehicleAI_sportscar_4_1,BP_VehicleAI_sportscar_C_UAID_E08F4CF5208A907A02_1587317685
SM_StreetLamp_B7,StaticMeshActor_UAID_E08F4CF5208AC07502_1367262848
BP_SplineRoad5,BP_SplineRoad_C_UAID_E08F4CF5208A757602_1853497708
Lamps3x11,StaticMeshActor_UAID_E08F4CF5208AC17502_1277797047
LandscapeStreamingProxy_10_12_0,LandscapeStreamingProxy_9WRX77ZHBNN64U7IVGH2O6PBO_126_10_12_0
BP_VehicleAI_SUV2_9_2,BP_VehicleAI_SUV2_C_UAID_E08F4CF5208A907A02_1587606710
Hugetruck_4,StaticMeshActor_UAID_E08F4CF5208AA07502_1083979348
BP_VehicleAI_sedan2_5,BP_VehicleAI_sedan2_C_UAID_E08F4CF5208A8C7A02_1212261113
Copcar_4,StaticMeshActor_UAID_E08F4CF5208AA07502_1083999355
Crosswalk13,StaticMeshActor_UAID_E08F4CF5208A9C7502_1989517543
BP_VehicleAI_policecar_7_1,BP_VehicleAI_policecar_C_UAID_E08F4CF5208A907A02_1634163758
Lamps3x8,StaticMeshActor_UAID_E08F4CF5208AC07502_2029522866
LandscapeStreamingProxy_10_11_0,LandscapeStreamingProxy_9WRX77ZHBNN64U7IVGH2O6PBO_126_10_11_0
LandscapeStreamingProxy_6_13_0,LandscapeStreamingProxy_9WRX77ZHBNN64U7IVGH2O6PBO_126_6_13_0
LandscapeStreamingProxy_12_12_0,LandscapeStreamingProxy_9WRX77ZHBNN64U7IVGH2O6PBO_126_12_12_0
BP_VehicleAI_7_2,BP_VehicleAI_C_UAID_E08F4CF5208A907A02_1587583708
BP_VehicleAI_SUV1_8_1,BP_VehicleAI_SUV1_C_UAID_E08F4CF5208A907A02_1634173759
BP_VehicleAI_SUV2_5_1,BP_VehicleAI_SUV2_C_UAID_E08F4CF5208A907A02_1587561706
Copcar_3_VEHTAG2,StaticMeshActor_UAID_E08F4CF5208AA17502_2102608479
BP_VehicleAI_pickup_3_2,BP_VehicleAI_pickup_C_UAID_E08F4CF5208A907A02_1634233764
LandscapeStreamingProxy_8_0_0,LandscapeStreamingProxy_9WRX77ZHBNN64U7IVGH2O6PBO_126_8_0_0
LandscapeStreamingProxy_0_5_0,LandscapeStreamingProxy_9WRX77ZHBNN64U7IVGH2O6PBO_126_0_5_0
LandscapeStreamingProxy_3_5_0,LandscapeStreamingProxy_9WRX77ZHBNN64U7IVGH2O6PBO_126_3_5_0
BP_SplineRoad3,BP_SplineRoad_C_UAID_E08F4CF5208A727602_1867692175
LandscapeStreamingProxy_4_4_0,LandscapeStreamingProxy_9WRX77ZHBNN64U7IVGH2O6PBO_126_4_4_0
LandscapeStreamingProxy_9_12_0,LandscapeStreamingProxy_9WRX77ZHBNN64U7IVGH2O6PBO_126_9_12_0
Crosswalk35,StaticMeshActor_UAID_E08F4CF5208A9D7502_1484966756
Crosswalk3,StaticMeshActor_UAID_E08F4CF5208A9C7502_1682541532
LandscapeStreamingProxy_12_9_0,LandscapeStreamingProxy_9WRX77ZHBNN64U7IVGH2O6PBO_126_12_9_0
BP_VehicleAI_SUV2_0_2,BP_VehicleAI_SUV2_C_UAID_E08F4CF5208A907A02_1587272681
BP_VehicleAI_SUV1,BP_VehicleAI_SUV1_C_UAID_E08F4CF5208A817A02_2061370032
BP_SplineHuman_Type8,BP_SplineHuman_Type8_C_UAID_E08F4CF5208A437A02_1199966128
LandscapeStreamingProxy_5_4_0,LandscapeStreamingProxy_9WRX77ZHBNN64U7IVGH2O6PBO_126_5_4_0
LandscapeStreamingProxy_4_10_0,LandscapeStreamingProxy_9WRX77ZHBNN64U7IVGH2O6PBO_126_4_10_0
LandscapeStreamingProxy_15_10_0,LandscapeStreamingProxy_9WRX77ZHBNN64U7IVGH2O6PBO_126_15_10_0
Sedan1_1_VEHTAG2,StaticMeshActor_UAID_E08F4CF5208AA17502_2102640490
Crosswalk8,StaticMeshActor_UAID_E08F4CF5208A9C7502_1894692537
WorldPartitionMiniMap0,WorldPartitionMiniMap_0
LandscapeStreamingProxy_1_15_0,LandscapeStreamingProxy_9WRX77ZHBNN64U7IVGH2O6PBO_126_1_15_0
LandscapeStreamingProxy_15_7_0,LandscapeStreamingProxy_9WRX77ZHBNN64U7IVGH2O6PBO_126_15_7_0
LandscapeStreamingProxy_10_15_0,LandscapeStreamingProxy_9WRX77ZHBNN64U7IVGH2O6PBO_126_10_15_0
SFA_2,StaticMeshActor_UAID_E08F4CF5208A0E7402_1702715464
LandscapeStreamingProxy_0_14_0,LandscapeStreamingProxy_9WRX77ZHBNN64U7IVGH2O6PBO_126_0_14_0
LandscapeStreamingProxy_2_7_0,LandscapeStreamingProxy_9WRX77ZHBNN64U7IVGH2O6PBO_126_2_7_0
SM_StreetLamp_B2,StaticMeshActor_UAID_E08F4CF5208AC07502_1288403841
LandscapeStreamingProxy_2_11_0,LandscapeStreamingProxy_9WRX77ZHBNN64U7IVGH2O6PBO_126_2_11_0
LandscapeStreamingProxy_3_4_0,LandscapeStreamingProxy_9WRX77ZHBNN64U7IVGH2O6PBO_126_3_4_0
Crosswalk7,StaticMeshActor_UAID_E08F4CF5208A9C7502_1887113536
SM_White_Line_00_inst_2,StaticMeshActor_UAID_E08F4CF5208A9C7502_1326496516
LandscapeStreamingProxy_0_0_0,LandscapeStreamingProxy_9WRX77ZHBNN64U7IVGH2O6PBO_126_0_0_0
LandscapeStreamingProxy_14_15_0,LandscapeStreamingProxy_9WRX77ZHBNN64U7IVGH2O6PBO_126_14_15_0
LandscapeStreamingProxy_9_11_0,LandscapeStreamingProxy_9WRX77ZHBNN64U7IVGH2O6PBO_126_9_11_0
LandscapeStreamingProxy_13_12_0,LandscapeStreamingProxy_9WRX77ZHBNN64U7IVGH2O6PBO_126_13_12_0
Sportscar_5_VEHTAG1,StaticMeshActor_UAID_E08F4CF5208AA17502_1811502455
Crosswalk23,StaticMeshActor_UAID_E08F4CF5208A9D7502_1232133737
Taxi_6_VEHTAG2,StaticMeshActor_UAID_E08F4CF5208AA17502_2102687506
LandscapeStreamingProxy_14_5_0,LandscapeStreamingProxy_9WRX77ZHBNN64U7IVGH2O6PBO_126_14_5_0
LandscapeStreamingProxy_6_5_0,LandscapeStreamingProxy_9WRX77ZHBNN64U7IVGH2O6PBO_126_6_5_0
LandscapeStreamingProxy_12_11_0,LandscapeStreamingProxy_9WRX77ZHBNN64U7IVGH2O6PBO_126_12_11_0
LandscapeStreamingProxy_5_0_0,LandscapeStreamingProxy_9WRX77ZHBNN64U7IVGH2O6PBO_126_5_0_0
LandscapeStreamingProxy_10_7_0,LandscapeStreamingProxy_9WRX77ZHBNN64U7IVGH2O6PBO_126_10_7_0
LandscapeStreamingProxy_14_13_0,LandscapeStreamingProxy_9WRX77ZHBNN64U7IVGH2O6PBO_126_14_13_0
LandscapeStreamingProxy_1_14_0,LandscapeStreamingProxy_9WRX77ZHBNN64U7IVGH2O6PBO_126_1_14_0
LandscapeStreamingProxy_7_9_0,LandscapeStreamingProxy_9WRX77ZHBNN64U7IVGH2O6PBO_126_7_9_0
Taxi_5_VEHTAG2,StaticMeshActor_UAID_E08F4CF5208AA17502_2102667499
LandscapeStreamingProxy_10_0_0,LandscapeStreamingProxy_9WRX77ZHBNN64U7IVGH2O6PBO_126_10_0_0
Sedan1_4,StaticMeshActor_UAID_E08F4CF5208AA07502_1083931330
SUV1_2_VEHTAG1,StaticMeshActor_UAID_E08F4CF5208AA17502_1811413423
Van1_8_VEHTAG1,StaticMeshActor_UAID_E08F4CF5208AA17502_1811505456
BP_VehicleAI_policecar_8_2,BP_VehicleAI_policecar_C_UAID_E08F4CF5208A907A02_1634062749
LandscapeStreamingProxy_14_3_0,LandscapeStreamingProxy_9WRX77ZHBNN64U7IVGH2O6PBO_126_14_3_0
BP_VehicleAI_pickup,BP_VehicleAI_pickup_C_UAID_E08F4CF5208A827A02_1767302213
Sportscar_3_VEHTAG3,StaticMeshActor_UAID_E08F4CF5208ABE7502_1435526499
Sedan1_1_VEHTAG3,StaticMeshActor_UAID_E08F4CF5208ABE7502_1435486487
LandscapeStreamingProxy_8_11_0,LandscapeStreamingProxy_9WRX77ZHBNN64U7IVGH2O6PBO_126_8_11_0
LandscapeStreamingProxy_13_14_0,LandscapeStreamingProxy_9WRX77ZHBNN64U7IVGH2O6PBO_126_13_14_0
LandscapeStreamingProxy_15_14_0,LandscapeStreamingProxy_9WRX77ZHBNN64U7IVGH2O6PBO_126_15_14_0
BP_VehicleAI_sportscar_2,BP_VehicleAI_sportscar_C_UAID_E08F4CF5208A8C7A02_1212100100
LandscapeStreamingProxy_6_3_0,LandscapeStreamingProxy_9WRX77ZHBNN64U7IVGH2O6PBO_126_6_3_0
LandscapeStreamingProxy_9_13_0,LandscapeStreamingProxy_9WRX77ZHBNN64U7IVGH2O6PBO_126_9_13_0
BP_VehicleAI_policecar_4_5,BP_VehicleAI_policecar_C_UAID_E08F4CF5208A907A02_1634247765
Lamps3x2,StaticMeshActor_UAID_E08F4CF5208AC07502_1757274857
BP_VehicleAI_sedan2_0,BP_VehicleAI_sedan2_C_UAID_E08F4CF5208A907A02_1634197761
BP_VehicleAI_1_1,BP_VehicleAI_C_UAID_E08F4CF5208A8E7A02_1425433340
Lamps3x6,StaticMeshActor_UAID_E08F4CF5208AC07502_1946612864
CHJ_2,StaticMeshActor_UAID_D843AED10BEFF47302_2093937893
BP_VehicleAI_policecar_9_4,BP_VehicleAI_policecar_C_UAID_E08F4CF5208A907A02_1633958740
BP_VehicleAI_pickup_1_2,BP_VehicleAI_pickup_C_UAID_E08F4CF5208A907A02_1634209762
Crosswalk14,StaticMeshActor_UAID_E08F4CF5208A9C7502_1992195544
NYAB4,StaticMeshActor_UAID_E08F4CF5208A397402_2033584034
SM_StreetLamp_B10,StaticMeshActor_UAID_E08F4CF5208AC07502_1383445852
LandscapeStreamingProxy_12_8_0,LandscapeStreamingProxy_9WRX77ZHBNN64U7IVGH2O6PBO_126_12_8_0
Lamps2x,StaticMeshActor_UAID_E08F4CF5208AC07502_1839222859
BP_SplineHuman_Type12,BP_SplineHuman_Type12_C_UAID_E08F4CF5208A487A02_1781865018
LandscapeStreamingProxy_9_5_0,LandscapeStreamingProxy_9WRX77ZHBNN64U7IVGH2O6PBO_126_9_5_0
BP_VehicleAI_pickup_5,BP_VehicleAI_pickup_C_UAID_E08F4CF5208A8E7A02_1425476344
BP_VehicleAI_1_3,BP_VehicleAI_C_UAID_E08F4CF5208A907A02_1587517702
BP_VehicleAI_sportscar,BP_VehicleAI_sportscar_C_UAID_E08F4CF5208A207602_2130063738
Copcar_5_VEHTAG2,StaticMeshActor_UAID_E08F4CF5208AA17502_2102655495
LandscapeStreamingProxy_13_13_0,LandscapeStreamingProxy_9WRX77ZHBNN64U7IVGH2O6PBO_126_13_13_0
Pickuptruck_5,StaticMeshActor_UAID_E08F4CF5208AA07502_1084018362
SUV2_4_VEHTAG1,StaticMeshActor_UAID_E08F4CF5208AA17502_1811516460
BP_VehicleAI_pickup_8_1,BP_VehicleAI_pickup_C_UAID_E08F4CF5208A907A02_1634294769
BP_VehicleAI_sedan2_1,BP_VehicleAI_sedan2_C_UAID_E08F4CF5208A907A02_1587166672
BP_VehicleAI_policecar_9_1,BP_VehicleAI_policecar_C_UAID_E08F4CF5208A8E7A02_1425411338
LandscapeStreamingProxy_14_11_0,LandscapeStreamingProxy_9WRX77ZHBNN64U7IVGH2O6PBO_126_14_11_0
Copcar_2_VEHTAG2,StaticMeshActor_UAID_E08F4CF5208AA17502_2102578469
SFJ,StaticMeshActor_UAID_D843AED10BEFFC7302_1230366287
LandscapeStreamingProxy_6_6_0,LandscapeStreamingProxy_9WRX77ZHBNN64U7IVGH2O6PBO_126_6_6_0
Hugetruck_1_VEHTAG1,StaticMeshActor_UAID_E08F4CF5208AA17502_1811366407
LandscapeStreamingProxy_13_3_0,LandscapeStreamingProxy_9WRX77ZHBNN64U7IVGH2O6PBO_126_13_3_0
BP_VehicleAI_sedan2_2,BP_VehicleAI_sedan2_C_UAID_E08F4CF5208A8E7A02_1425444341
BP_VehicleAI_SUV1_5_2,BP_VehicleAI_SUV1_C_UAID_E08F4CF5208A907A02_1633913736
Pickuptruck_6_VEHTAG1,StaticMeshActor_UAID_E08F4CF5208AA17502_1811477446
LandscapeStreamingProxy_10_14_0,LandscapeStreamingProxy_9WRX77ZHBNN64U7IVGH2O6PBO_126_10_14_0
LandscapeStreamingProxy_2_3_0,LandscapeStreamingProxy_9WRX77ZHBNN64U7IVGH2O6PBO_126_2_3_0
BP_VehicleAI_sportscar_9,BP_VehicleAI_sportscar_C_UAID_E08F4CF5208A8C7A02_1212302117
LandscapeStreamingProxy_5_6_0,LandscapeStreamingProxy_9WRX77ZHBNN64U7IVGH2O6PBO_126_5_6_0
Pickuptruck_3,StaticMeshActor_UAID_E08F4CF5208AA07502_1084002356
Taxi_3_VEHTAG1,StaticMeshActor_UAID_E08F4CF5208AA17502_1811441433
LandscapeStreamingProxy_0_7_0,LandscapeStreamingProxy_9WRX77ZHBNN64U7IVGH2O6PBO_126_0_7_0
BP_VehicleAI_SUV2_7_1,BP_VehicleAI_SUV2_C_UAID_E08F4CF5208A8E7A02_1425498346
LandscapeStreamingProxy_6_14_0,LandscapeStreamingProxy_9WRX77ZHBNN64U7IVGH2O6PBO_126_6_14_0
Bus_2,StaticMeshActor_UAID_E08F4CF5208AA07502_1083949337
Milkvan_2,StaticMeshActor_UAID_E08F4CF5208AA07502_1083933331
Sedan2_2_VEHTAG2,StaticMeshActor_UAID_E08F4CF5208AA17502_2102617482
LandscapeStreamingProxy_0_2_0,LandscapeStreamingProxy_9WRX77ZHBNN64U7IVGH2O6PBO_126_0_2_0
LandscapeStreamingProxy_4_12_0,LandscapeStreamingProxy_9WRX77ZHBNN64U7IVGH2O6PBO_126_4_12_0
Bus_2_VEHTAG2,StaticMeshActor_UAID_E08F4CF5208AA17502_2102587472
BP_VehicleAI.BP_VehicleAI_3,BP_VehicleAI_C_UAID_E08F4CF5208A897A02_1815599463
LandscapeStreamingProxy_8_9_0,LandscapeStreamingProxy_9WRX77ZHBNN64U7IVGH2O6PBO_126_8_9_0
LandscapeStreamingProxy_13_9_0,LandscapeStreamingProxy_9WRX77ZHBNN64U7IVGH2O6PBO_126_13_9_0
LandscapeStreamingProxy_4_3_0,LandscapeStreamingProxy_9WRX77ZHBNN64U7IVGH2O6PBO_126_4_3_0
Crosswalk18,StaticMeshActor_UAID_E08F4CF5208A9C7502_2117913550
BP_VehicleAI_SUV1_6,BP_VehicleAI_SUV1_C_UAID_E08F4CF5208A8E7A02_1425627355
LandscapeStreamingProxy_13_15_0,LandscapeStreamingProxy_9WRX77ZHBNN64U7IVGH2O6PBO_126_13_15_0
Milkvan_1_VEHTAG1,StaticMeshActor_UAID_E08F4CF5208AA17502_1811458439
BP_VehicleAI_SUV2_9_3,BP_VehicleAI_SUV2_C_UAID_E08F4CF5208A907A02_1634072750
LandscapeStreamingProxy_14_10_0,LandscapeStreamingProxy_9WRX77ZHBNN64U7IVGH2O6PBO_126_14_10_0
BP_VehicleAI_0,BP_VehicleAI_C_UAID_E08F4CF5208A907A02_1587150671
LandscapeStreamingProxy_3_10_0,LandscapeStreamingProxy_9WRX77ZHBNN64U7IVGH2O6PBO_126_3_10_0
LandscapeStreamingProxy_3_6_0,LandscapeStreamingProxy_9WRX77ZHBNN64U7IVGH2O6PBO_126_3_6_0
Sedan1_2_VEHTAG2,StaticMeshActor_UAID_E08F4CF5208AA17502_2102664498
BP_VehicleAI_sportscar_3,BP_VehicleAI_sportscar_C_UAID_E08F4CF5208A8E7A02_1425235322
LandscapeStreamingProxy_0_15_0,LandscapeStreamingProxy_9WRX77ZHBNN64U7IVGH2O6PBO_126_0_15_0
BP_VehicleAI_policecar_4,BP_VehicleAI_policecar_C_UAID_E08F4CF5208A8C7A02_1212459132
BP_VehicleAI_pickup_0_1,BP_VehicleAI_pickup_C_UAID_E08F4CF5208A8E7A02_1425422339
LandscapeStreamingProxy_15_4_0,LandscapeStreamingProxy_9WRX77ZHBNN64U7IVGH2O6PBO_126_15_4_0
LandscapeStreamingProxy_5_14_0,LandscapeStreamingProxy_9WRX77ZHBNN64U7IVGH2O6PBO_126_5_14_0
LandscapeStreamingProxy_1_1_0,LandscapeStreamingProxy_9WRX77ZHBNN64U7IVGH2O6PBO_126_1_1_0
LandscapeStreamingProxy_0_9_0,LandscapeStreamingProxy_9WRX77ZHBNN64U7IVGH2O6PBO_126_0_9_0
BP_SplineHuman,BP_SplineHuman_C_UAID_E08F4CF5208ADB7502_2044960591
BP_VehicleAI_5,BP_VehicleAI_C_UAID_E08F4CF5208A907A02_1634259766
LandscapeStreamingProxy_3_9_0,LandscapeStreamingProxy_9WRX77ZHBNN64U7IVGH2O6PBO_126_3_9_0
LandscapeStreamingProxy_9_3_0,LandscapeStreamingProxy_9WRX77ZHBNN64U7IVGH2O6PBO_126_9_3_0
Bus_2_VEHTAG1,StaticMeshActor_UAID_E08F4CF5208AA17502_1811472444
LandscapeStreamingProxy_7_1_0,LandscapeStreamingProxy_9WRX77ZHBNN64U7IVGH2O6PBO_126_7_1_0
LandscapeStreamingProxy_14_0_0,LandscapeStreamingProxy_9WRX77ZHBNN64U7IVGH2O6PBO_126_14_0_0
SM_StreetLamp_B,StaticMeshActor_UAID_E08F4CF5208AC07502_1258592840
Pickuptruck_5_VEHTAG2,StaticMeshActor_UAID_E08F4CF5208AA17502_2102620483
Pickuptruck_4_VEHTAG1,StaticMeshActor_UAID_E08F4CF5208AA17502_1811449436
BP_VehicleAI_SUV1_5_1,BP_VehicleAI_SUV1_C_UAID_E08F4CF5208A8E7A02_1425367334
BP_SplineHuman_Mannequin2,BP_SplineHuman_Mannequin2_C_UAID_E08F4CF5208A427A02_1146249951
BP_VehicleAI_taxi_8,BP_VehicleAI_taxi_C_UAID_E08F4CF5208A8E7A02_1425658357
Lamps3x5,StaticMeshActor_UAID_E08F4CF5208AC07502_1915474862
LandscapeStreamingProxy_13_1_0,LandscapeStreamingProxy_9WRX77ZHBNN64U7IVGH2O6PBO_126_13_1_0
LandscapeStreamingProxy_6_15_0,LandscapeStreamingProxy_9WRX77ZHBNN64U7IVGH2O6PBO_126_6_15_0
Sportscar_3_VEHTAG1,StaticMeshActor_UAID_E08F4CF5208AA17502_1811444434
BP_VehicleAI_sportscar_6,BP_VehicleAI_sportscar_C_UAID_E08F4CF5208A8C7A02_1212150104
BP_VehicleAI_policecar_3_3,BP_VehicleAI_policecar_C_UAID_E08F4CF5208A907A02_1587305684
Crosswalk11,StaticMeshActor_UAID_E08F4CF5208A9C7502_1948163540
NYH,StaticMeshActor_UAID_D843AED10BEFF47302_2114387894
LandscapeStreamingProxy_13_2_0,LandscapeStreamingProxy_9WRX77ZHBNN64U7IVGH2O6PBO_126_13_2_0
SUV1_3_VEHTAG1,StaticMeshActor_UAID_E08F4CF5208AA17502_1811427428
Crosswalk31,StaticMeshActor_UAID_E08F4CF5208A9D7502_1393442750
SM_White_Line_00_inst_10,StaticMeshActor_UAID_E08F4CF5208A9C7502_1391045524
LandscapeStreamingProxy_8_7_0,LandscapeStreamingProxy_9WRX77ZHBNN64U7IVGH2O6PBO_126_8_7_0
BP_VehicleAI.BP_VehicleAI_1,BP_VehicleAI_C_UAID_E08F4CF5208A897A02_1815687471
BP_VehicleAI_taxi_6,BP_VehicleAI_taxi_C_UAID_E08F4CF5208A8E7A02_1425377335
LandscapeStreamingProxy_10_2_0,LandscapeStreamingProxy_9WRX77ZHBNN64U7IVGH2O6PBO_126_10_2_0
LandscapeStreamingProxy_15_2_0,LandscapeStreamingProxy_9WRX77ZHBNN64U7IVGH2O6PBO_126_15_2_0
LandscapeStreamingProxy_7_13_0,LandscapeStreamingProxy_9WRX77ZHBNN64U7IVGH2O6PBO_126_7_13_0
BP_VehicleAI_SUV2_6_1,BP_VehicleAI_SUV2_C_UAID_E08F4CF5208A907A02_1587572707
CHG_1,StaticMeshActor_UAID_E08F4CF5208A377402_1184626677
NYAB5,StaticMeshActor_UAID_E08F4CF5208A4A7402_1676993016
LandscapeStreamingProxy_11_2_0,LandscapeStreamingProxy_9WRX77ZHBNN64U7IVGH2O6PBO_126_11_2_0
Taxi_1_VEHTAG2,StaticMeshActor_UAID_E08F4CF5208AA17502_2102561463
SFC_StairBldg,StaticMeshActor_UAID_D843AED10BEFF57302_1113706072
SUV2_2_VEHTAG3,StaticMeshActor_UAID_E08F4CF5208ABE7502_1435528500
Taxi_2,StaticMeshActor_UAID_E08F4CF5208AA07502_1083968344
LandscapeStreamingProxy_1_4_0,LandscapeStreamingProxy_9WRX77ZHBNN64U7IVGH2O6PBO_126_1_4_0
Taxi_3,StaticMeshActor_UAID_E08F4CF5208AA07502_1083996354
Crosswalk21,StaticMeshActor_UAID_E08F4CF5208A9D7502_1204281735
LandscapeStreamingProxy_15_5_0,LandscapeStreamingProxy_9WRX77ZHBNN64U7IVGH2O6PBO_126_15_5_0
LandscapeStreamingProxy_11_15_0,LandscapeStreamingProxy_9WRX77ZHBNN64U7IVGH2O6PBO_126_11_15_0
Pickuptruck_1_VEHTAG1,StaticMeshActor_UAID_E08F4CF5208AA17502_1811377410
BP_SplineHuman_Girl1,BP_SplineHuman_Girl1_C_UAID_E08F4CF5208A3F7A02_1511822415
Copcar_1,StaticMeshActor_UAID_E08F4CF5208AA07502_1083891318
SUV1_3_VEHTAG2,StaticMeshActor_UAID_E08F4CF5208AA17502_2102672501
LandscapeStreamingProxy_5_2_0,LandscapeStreamingProxy_9WRX77ZHBNN64U7IVGH2O6PBO_126_5_2_0
LandscapeStreamingProxy_8_15_0,LandscapeStreamingProxy_9WRX77ZHBNN64U7IVGH2O6PBO_126_8_15_0
LandscapeStreamingProxy_15_11_0,LandscapeStreamingProxy_9WRX77ZHBNN64U7IVGH2O6PBO_126_15_11_0
SUV2_2_VEHTAG1,StaticMeshActor_UAID_E08F4CF5208AA17502_1811433430
LandscapeStreamingProxy_8_14_0,LandscapeStreamingProxy_9WRX77ZHBNN64U7IVGH2O6PBO_126_8_14_0
Crosswalk26,StaticMeshActor_UAID_E08F4CF5208A9D7502_1295828743
Crosswalk5,StaticMeshActor_UAID_E08F4CF5208A9C7502_1830268534
LandscapeStreamingProxy_9_10_0,LandscapeStreamingProxy_9WRX77ZHBNN64U7IVGH2O6PBO_126_9_10_0
BP_VehicleAI_sedan2_9_1,BP_VehicleAI_sedan2_C_UAID_E08F4CF5208A8E7A02_1425672358
LandscapeStreamingProxy_2_13_0,LandscapeStreamingProxy_9WRX77ZHBNN64U7IVGH2O6PBO_126_2_13_0
BP_VehicleAI_SUV1_5,BP_VehicleAI_SUV1_C_UAID_E08F4CF5208A8C7A02_1212134103
SM_White_Line_00_inst_9,StaticMeshActor_UAID_E08F4CF5208A9C7502_1391044523
SUV1_1_VEHTAG3,StaticMeshActor_UAID_E08F4CF5208ABE7502_1435515495
Hugetruck_1,StaticMeshActor_UAID_E08F4CF5208AA07502_1083898320
LandscapeStreamingProxy_5_13_0,LandscapeStreamingProxy_9WRX77ZHBNN64U7IVGH2O6PBO_126_5_13_0
Van1_1_VEHTAG2,StaticMeshActor_UAID_E08F4CF5208AA17502_2102684505
BP_VehicleAI_pickup_4_1,BP_VehicleAI_pickup_C_UAID_E08F4CF5208A8E7A02_1425466343
Copcar_2_VEHTAG1,StaticMeshActor_UAID_E08F4CF5208AA17502_1811419425
LandscapeStreamingProxy_4_15_0,LandscapeStreamingProxy_9WRX77ZHBNN64U7IVGH2O6PBO_126_4_15_0
Lamps3x3,StaticMeshActor_UAID_E08F4CF5208AC07502_1773050858
NYAB,StaticMeshActor_UAID_E08F4CF5208A0E7402_2035502467
Sportscar_2_VEHTAG3,StaticMeshActor_UAID_E08F4CF5208ABE7502_1435512494
BP_VehicleAI_taxi_4_4,BP_VehicleAI_taxi_C_UAID_E08F4CF5208A907A02_1633901735
BP_VehicleAI_6_1,BP_VehicleAI_C_UAID_E08F4CF5208A907A02_1587342687
SFC_1,StaticMeshActor_UAID_D843AED10BEFF57302_1105810071
BP_VehicleAI_policecar_4_3,BP_VehicleAI_policecar_C_UAID_E08F4CF5208A907A02_1587203675
LandscapeStreamingProxy_8_13_0,LandscapeStreamingProxy_9WRX77ZHBNN64U7IVGH2O6PBO_126_8_13_0
Crosswalk17,StaticMeshActor_UAID_E08F4CF5208A9C7502_2096117549
BP_VehicleAI.BP_VehicleAI_8,BP_VehicleAI_C_UAID_E08F4CF5208A897A02_1815775478
LandscapeStreamingProxy_2_1_0,LandscapeStreamingProxy_9WRX77ZHBNN64U7IVGH2O6PBO_126_2_1_0
LandscapeStreamingProxy_12_13_0,LandscapeStreamingProxy_9WRX77ZHBNN64U7IVGH2O6PBO_126_12_13_0
